<?xml version="1.0" encoding="UTF-8" ?>
<!DOCTYPE configuration
        PUBLIC "-//mybatis.org//DTD Config 3.0//EN"
        "https://mybatis.org/dtd/mybatis-3-config.dtd">
<!--xml文件有约束 即有结构要求(例如 需要先写environment，再写mappers)-->
<configuration>
    <typeAliases>
        <package name="javaBean"/>
    </typeAliases>
    <!--可放置不同的数据源(多个environment标签) default可选择数据源-->
    <environments default="development">
        <environment id="development">
            <!--事务管理，将来由Spring管理-->
            <transactionManager type="JDBC"/>
            <dataSource type="POOLED">
                <!--数据库连接信息-->
                <property name="driver" value="com.mysql.cj.jdbc.Driver"/>
                <property name="url" value="jdbc:mysql:///mybatis?useSSL=false&amp;useServerPrepStmts=true&amp;characterEncoding=UTF-8"/>
                <property name="username" value="root"/>
                <property name="password" value="root"/>
            </dataSource>
        </environment>
    </environments>
    <mappers>
        <package name="mapper"/>
    </mappers>
</configuration>